INSERT INTO department (id, name)
VALUES (001, "Bakery"),
       (002, "Deli"),
       (003, "Produce"),
       (004, "Meat"),
       (005, "Frozen"),
       (006, "Dairy"),
       (007, "Grocery"),
       (008, "Seafood"),
       (009, "Beverage"),
       (010, "Household"),
       (011, "Personal Care"),
       (012, "Pharmacy"),
       (013, "Pet Care"),
       (014, "Miscellaneous");

INSERT INTO role (id, title, salary, department_id)
VALUES (001, "Baker", 40000.00, 001),
       (002, "Bakery Manager", 60000.00, 001),
       (003, "Deli Associate", 30000.00, 002),
       (004, "Deli Manager", 50000.00, 002),
       (005, "Produce Associate", 30000.00, 003),
       (006, "Produce Manager", 50000.00, 003),
       (007, "Meat Associate", 30000.00, 004),
       (008, "Meat Manager", 50000.00, 004),
       (009, "Frozen Associate", 30000.00, 005),
       (010, "Frozen Manager", 50000.00, 005),
       (011, "Dairy Associate", 30000.00, 006),
       (012, "Dairy Manager", 50000.00, 006),
       (013, "Grocery Associate", 30000.00, 007),
       (014, "Grocery Manager", 50000.00, 007),
       (015, "Seafood Associate", 30000.00, 008),
       (016, "Seafood Manager", 50000.00, 008),
       (017, "Beverage Associate", 30000.00, 009),
       (018, "Beverage Manager", 50000.00, 009),
       (019, "Household Associate", 30000.00, 010),
       (020, "Household Manager", 50000.00, 010),
       (021, "Personal Care Associate", 30000.00, 011),
       (022, "Personal Care Manager", 50000.00, 011),
       (023, "Pharmacy Associate", 30000.00, 012),
       (024, "Pharmacy Manager", 50000.00, 012),
       (025, "Pet Care Associate", 30000.00, 013),
       (026, "Pet Care Manager", 50000.00, 013),
       (027, "Miscellaneous Associate", 30000.00, 014),
       (028, "Miscellaneous Manager", 50000.00, 014);

INSERT INTO employee (id, first_name, last_name, role_id, manager_id)
VALUES (001, "John", "Doe", 001, NULL),
       (002, "Jane", "Doe", 002, NULL),
       (003, "John", "Smith", 003, NULL),
       (004, "Jane", "Smith", 004, NULL),
       (005, "John", "Johnson", 005, NULL),
       (006, "Jane", "Johnson", 006, NULL),
       (007, "John", "Williams", 007, NULL),
       (008, "Jane", "Williams", 008, NULL),
       (009, "John", "Jones", 009, NULL),
       (010, "Jane", "Jones", 010, NULL),
       (011, "John", "Brown", 011, NULL),
       (012, "Jane", "Brown", 012, NULL),
       (013, "John", "Davis", 013, NULL),
       (014, "Jane", "Davis", 014, NULL),
       (015, "John", "Miller", 015, NULL),
       (016, "Jane", "Miller", 016, NULL),
       (017, "John", "Wilson", 017, NULL),
       (018, "Jane", "Wilson", 018, NULL),
       (019, "John", "Moore", 019, NULL),
       (020, "Jane", "Moore", 020, NULL),
       (021, "John", "Taylor", 021, NULL),
       (022, "Jane", "Taylor", 022, NULL),
       (023, "John", "Anderson", 023, NULL),
       (024, "Jane", "Anderson", 024, NULL),
       (025, "John", "Thomas", 025, NULL),
       (026, "Jane", "Thomas", 026, NULL),
       (027, "John", "Jackson", 027, NULL),
       (028, "Jane", "Jackson", 028, NULL);

       
